{"cameraMode":{"drawMode":0,"name":"Shaded","section":"Shading Mode"},"sceneLighting":true,"audioPlay":false,"sceneViewState":{"showFog":true,"showMaterialUpdate":false,"showSkybox":true,"showFlares":true,"showImageEffects":true,"showParticleSystems":true},"in2DMode":false,"pivot":{"x":1.9617693424224854,"y":4.0149126052856449,"z":-2.41984486579895},"rotation":{"x":0.26877447962760928,"y":0.23424139618873597,"z":-0.06756317615509033,"w":0.9318403601646423},"size":5.063815593719482,"orthographic":false}