{"cameraMode":{"drawMode":0,"name":"Shaded","section":"Shading Mode"},"sceneLighting":true,"audioPlay":false,"sceneViewState":{"showFog":true,"showMaterialUpdate":false,"showSkybox":true,"showFlares":true,"showImageEffects":true,"showParticleSystems":true},"in2DMode":false,"pivot":{"x":19.419620513916017,"y":1.4823503494262696,"z":1.2352204322814942},"rotation":{"x":-0.19457963109016419,"y":-0.6449031829833984,"z":0.1747400015592575,"w":-0.7181257605552673},"size":10.247264862060547,"orthographic":false}