{"cameraMode":{"drawMode":0,"name":"Shaded","section":"Shading Mode"},"sceneLighting":true,"audioPlay":false,"sceneViewState":{"showFog":true,"showMaterialUpdate":false,"showSkybox":true,"showFlares":true,"showImageEffects":true,"showParticleSystems":true},"in2DMode":false,"pivot":{"x":0.5407317876815796,"y":6.714247703552246,"z":25.557056427001954},"rotation":{"x":0.0003198275517206639,"y":-0.005728904623538256,"z":0.0000014692323020426557,"w":0.9999836087226868},"size":18.914024353027345,"orthographic":false}