{"cameraMode":{"drawMode":0,"name":"Shaded","section":"Shading Mode"},"sceneLighting":true,"audioPlay":false,"sceneViewState":{"showFog":true,"showMaterialUpdate":false,"showSkybox":true,"showFlares":true,"showImageEffects":true,"showParticleSystems":true},"in2DMode":false,"pivot":{"x":0.7224215865135193,"y":3.776656150817871,"z":-16.268104553222658},"rotation":{"x":0.00889709684997797,"y":0.9854037165641785,"z":-0.1610509604215622,"w":0.05443408712744713},"size":4.162654876708984,"orthographic":false}