{"cameraMode":{"drawMode":0,"name":"Shaded","section":"Shading Mode"},"sceneLighting":true,"audioPlay":false,"sceneViewState":{"showFog":true,"showMaterialUpdate":false,"showSkybox":true,"showFlares":true,"showImageEffects":true,"showParticleSystems":true},"in2DMode":false,"pivot":{"x":-0.7591500282287598,"y":4.032810211181641,"z":-18.752384185791017},"rotation":{"x":-0.017166657373309137,"y":0.9780835509300232,"z":-0.18709243834018708,"w":-0.08974570780992508},"size":18.7242431640625,"orthographic":false}