{"cameraMode":{"drawMode":0,"name":"Shaded","section":"Shading Mode"},"sceneLighting":true,"audioPlay":false,"sceneViewState":{"showFog":true,"showMaterialUpdate":false,"showSkybox":true,"showFlares":true,"showImageEffects":true,"showParticleSystems":true},"in2DMode":false,"pivot":{"x":0.8790102601051331,"y":5.211843490600586,"z":-17.678661346435548},"rotation":{"x":-0.0009580719633959234,"y":-0.9978463649749756,"z":0.014969481155276299,"w":-0.06385628879070282},"size":6.656826496124268,"orthographic":false}