{"cameraMode":{"drawMode":0,"name":"Shaded","section":"Shading Mode"},"sceneLighting":true,"audioPlay":false,"sceneViewState":{"showFog":true,"showMaterialUpdate":false,"showSkybox":true,"showFlares":true,"showImageEffects":true,"showParticleSystems":true},"in2DMode":false,"pivot":{"x":-0.2510220408439636,"y":4.476705551147461,"z":1.9973046779632569},"rotation":{"x":0.2014743685722351,"y":-0.21257558465003968,"z":0.04484192281961441,"w":0.9550963044166565},"size":1.8923311233520508,"orthographic":false}