{"cameraMode":{"drawMode":0,"name":"Shaded","section":"Shading Mode"},"sceneLighting":true,"audioPlay":false,"sceneViewState":{"showFog":true,"showMaterialUpdate":false,"showSkybox":true,"showFlares":true,"showImageEffects":true,"showParticleSystems":true},"in2DMode":false,"pivot":{"x":-2.972238302230835,"y":6.662576198577881,"z":-8.142101287841797},"rotation":{"x":0.04529891908168793,"y":0.9431114196777344,"z":-0.14428484439849854,"w":0.2960924804210663},"size":5.270523548126221,"orthographic":false}